{
  "members": [
    {
      "id": "1",
      "first_name": "Wendi",
      "last_name": "Mayze",
      "email": "wmayze0@springer.com",
      "gender": "Female"
    },
    {
      "id": "2",
      "first_name": "Ami",
      "last_name": "Mileham",
      "email": "amileham1@liveinternet.ru",
      "gender": "Female"
    },
    {
      "id": "3",
      "first_name": "Teriann",
      "last_name": "Cavet",
      "email": "tcavet2@wikipedia.org",
      "gender": "Polygender"
    },
    {
      "id": "4",
      "first_name": "Olivia",
      "last_name": "Curro",
      "email": "ocurro3@sfgate.com",
      "gender": "Female"
    },
    {
      "id": "5",
      "first_name": "Derek",
      "last_name": "Phillipps",
      "email": "dphillipps4@ibm.com",
      "gender": "Male"
    },
    {
      "id": "6",
      "first_name": "Lizette",
      "last_name": "Winwright",
      "email": "lwinwright5@nps.gov",
      "gender": "Female"
    },
    {
      "id": "7",
      "first_name": "Modestia",
      "last_name": "Spoure",
      "email": "mspoure6@zimbio.com",
      "gender": "Female"
    },
    {
      "id": "8",
      "first_name": "Matteo",
      "last_name": "Slavin",
      "email": "mslavin7@upenn.edu",
      "gender": "Male"
    },
    {
      "id": "9",
      "first_name": "Laurena",
      "last_name": "Yarnold",
      "email": "lyarnold8@plala.or.jp",
      "gender": "Female"
    },
    {
      "id": "10",
      "first_name": "Adena",
      "last_name": "Nannini",
      "email": "anannini9@yahoo.co.jp",
      "gender": "Female"
    },
    {
      "id": "11",
      "first_name": "Bank",
      "last_name": "Roussel",
      "email": "broussela@fotki.com",
      "gender": "Male"
    },
    {
      "id": "12",
      "first_name": "Venita",
      "last_name": "Suddell",
      "email": "vsuddellb@disqus.com",
      "gender": "Female"
    },
    {
      "id": "13",
      "first_name": "Norby",
      "last_name": "Peddowe",
      "email": "npeddowec@toplist.cz",
      "gender": "Male"
    },
    {
      "id": "14",
      "first_name": "Craig",
      "last_name": "Bauman",
      "email": "cbaumand@google.it",
      "gender": "Male"
    },
    {
      "id": "15",
      "first_name": "Alick",
      "last_name": "Scothern",
      "email": "ascotherne@free.fr",
      "gender": "Male"
    },
    {
      "id": "16",
      "first_name": "Yolane",
      "last_name": "Ceeley",
      "email": "yceeleyf@sbwire.com",
      "gender": "Female"
    },
    {
      "id": "17",
      "first_name": "Devon",
      "last_name": "Robelin",
      "email": "drobeling@indiatimes.com",
      "gender": "Female"
    },
    {
      "id": "18",
      "first_name": "Daniel",
      "last_name": "Coulthard",
      "email": "dcoulthardh@nasa.gov",
      "gender": "Male"
    },
    {
      "id": "19",
      "first_name": "Alikee",
      "last_name": "Annable",
      "email": "aannablei@intel.com",
      "gender": "Non-binary"
    },
    {
      "id": "20",
      "first_name": "Sheppard",
      "last_name": "Brouard",
      "email": "sbrouardj@hexun.com",
      "gender": "Male"
    },
    {
      "id": "0e27",
      "first_name": "a",
      "last_name": "a",
      "email": "aaaa@aaa.com",
      "gender": "Male"
    },
    {
      "id": "3985",
      "first_name": "a",
      "last_name": "aaaaaa",
      "email": "aaaa@aaa.com",
      "gender": "Male"
    }
  ]
}